<?xml version="1.0"?>
<!--suppress XmlUnboundNsPrefix -->
<ruleset name="PHP-SDK">
 <description>Coding standard ruleset based on the PSR-2 coding standard.</description>
 <rule ref="PSR2"/>
 <rule ref="Generic.Files.LineLength.TooLong">
  <severity>0</severity>
 </rule>
 <rule ref="PSR1.Classes.ClassDeclaration.MissingNamespace">
  <severity>0</severity>
 </rule>
 <rule ref="PSR1.Methods.CamelCapsMethodName.NotCamelCaps">
  <severity>0</severity>
 </rule>
 <rule ref="PSR2.Methods.MethodDeclaration.Underscore">
  <severity>0</severity>
 </rule>
 <rule ref="PSR2.Classes.PropertyDeclaration.Underscore">
  <severity>0</severity>
 </rule>
 <rule ref="PSR1.Classes.ClassDeclaration.MultipleClasses">
  <severity>0</severity>
 </rule>
 <rule ref="PSR2.ControlStructures.SwitchDeclaration.TerminatingComment">
  <severity>0</severity>
 </rule>
 <rule ref="PSR1.Files.SideEffects.FoundWithSymbols">
  <severity>0</severity>
 </rule>
</ruleset>
